,variable,year,area,area_p,area_adjusted,ci_95,inferior_limit,superior_limit,area_diff
0,Forest,1985,362026833.062009,0.8587170453560596,357488275.30210245,1500002.8134255516,355988272.4886769,358988278.115528,-4538557.75990653
1,Shrubland,1985,1527963.53028245,0.0036242847444162276,1379877.8211100267,310447.5889205947,1069430.232189432,1690325.4100306213,-148085.70917242323
2,Flooded Forest,1985,18415172.5381789,0.04368024993605506,21820947.98100319,1377797.309526792,20443150.671476398,23198745.290529985,3405775.442824293
3,Wetland,1985,7567836.98798902,0.017950687696536374,10579063.065659484,909051.6497032435,9670011.41595624,11488114.715362728,3011226.0776704643
4,Natural Grassland,1985,9441267.60964278,0.022394410264002892,10615226.715807473,708247.2673662917,9906979.448441181,11323473.983173765,1173959.1061646938
5,Pastureland,1985,12103667.0069491,0.02870954366081672,8868615.355510665,518913.13355221134,8349702.221958454,9387528.489062876,-3235051.6514384355
6,Cropland,1985,40305.5555480897,9.560359733269231e-05,72013.83601763561,55693.34594595158,16320.490071684027,127707.18196358718,31708.280469545905
7,Bareland and Impervious,1985,44865.907779175,0.00010642061926595252,0.0,0.0,0.0,0.0,-44865.907779175
8,Rock Outcrop,1985,464909.434099793,0.0011027515618985942,320781.4108451918,127974.63502772787,192806.77581746393,448756.04587291967,-144128.02325460123
9,Water,1985,9957543.92489532,0.023619002563615776,10445564.06931756,580754.0442758616,9864810.0250417,11026318.113593422,488020.14442224056
0,Forest,1986,361246915.562941,0.8568670967446527,356214380.1457045,1459610.2345818365,354754769.9111227,357673990.38028634,-5032535.417236507
1,Shrubland,1986,1435817.61438937,0.003405717302193251,1154337.909130065,275326.3978923947,879011.5112376703,1429664.3070224598,-281479.70525930496
2,Flooded Forest,1986,18065362.9211596,0.04285051141203576,22484345.314249374,1357002.1972423315,21127343.117007043,23841347.511491705,4418982.393089775
3,Wetland,1986,7811571.01736831,0.0185288175214906,11195001.674725946,900223.1271655761,10294778.54756037,12095224.801891522,3383430.657357636
4,Natural Grassland,1986,8696649.54184694,0.02062819784278474,9064009.157122202,638389.5123687533,8425619.644753449,9702398.669490956,367359.6152752619
5,Pastureland,1986,13315472.853824,0.03158391137612491,9657865.747362887,501293.9768451552,9156571.770517733,10159159.724208042,-3657607.1064611133
6,Cropland,1986,29966.3716021302,7.10793552234909e-05,58488.970721334,48476.23539011129,10012.735331222713,106965.2061114453,28522.599119203802
7,Bareland and Impervious,1986,45007.1107080813,0.00010675554758772602,0.0,0.0,0.0,0.0,-45007.1107080813
8,Rock Outcrop,1986,464909.345534431,0.0011027513426287957,307802.4714484914,119281.08690161144,188521.38454687994,427083.55835010286,-157106.8740859396
9,Water,1986,10478696.7334545,0.024855161555278175,11454137.682363532,635638.2535776189,10818499.428785913,12089775.935941152,975440.9489090331
0,Forest,1987,359508631.87185,0.852743916422338,355174612.69313246,1457842.5091247777,353716770.1840077,356632455.2022572,-4334019.178717554
1,Shrubland,1987,1454581.67999037,0.003450225025454517,1225410.6254832288,287913.2110592171,937497.4144240117,1513323.836542446,-229171.05450714123
2,Flooded Forest,1987,18422548.7304255,0.043697744538340536,22911878.28918299,1369191.5693457741,21542686.71983722,24281069.858528763,4489329.558757491
3,Wetland,1987,7630514.19581684,0.018099355572570874,10783772.82602796,897613.588400062,9886159.237627897,11681386.414428022,3153258.6302111195
4,Natural Grassland,1987,8669119.53214642,0.020562896927634997,8993372.9810196,645565.8969546439,8347807.084064956,9638938.877974244,324253.44887317903
5,Pastureland,1987,14630736.8847115,0.034703678201698694,10199626.480385901,471424.62988333945,9728201.850502562,10671051.110269241,-4431110.404325599
6,Cropland,1987,35300.7781463073,8.373240901756282e-05,34747.86633108485,35620.83521797062,-872.9688868857702,70368.70154905546,-552.9118152224473
7,Bareland and Impervious,1987,49786.2146490906,0.0001180914389806421,0.0,0.0,0.0,0.0,-49786.2146490906
8,Rock Outcrop,1987,464909.345534431,0.001102751313725603,303943.8951715093,117385.24098630855,186558.65418520075,421329.13615781785,-160965.4503629217
9,Water,1987,10724250.8894724,0.025437608150238426,11963014.466008129,633955.5099313828,11329058.956076745,12596969.975939512,1238763.5765357278
0,Forest,1988,357932547.191172,0.8490054695555045,353199209.436991,1472189.7258395986,351727019.71115136,354671399.1628306,-4733337.754181027
1,Shrubland,1988,1408004.38689394,0.003339744974330691,1217003.8107349891,292348.4072141821,924655.403520807,1509352.217949171,-191000.5761589508
2,Flooded Forest,1988,18482107.3972281,0.043839014899022616,23172683.93915765,1379226.1522295508,21793457.7869281,24551910.0913872,4690576.5419295505
3,Wetland,1988,7929005.35626513,0.018807367389276686,11475256.58277023,909181.9518322379,10566074.630937992,12384438.534602469,3546251.2265051
4,Natural Grassland,1988,8471165.86058442,0.02009335615212088,8425381.88120719,626422.4455871193,7798959.435620071,9051804.32679431,-45783.97937722877
5,Pastureland,1988,16147394.9931495,0.03830114577687451,11993703.058045816,510188.9871321562,11483514.07091366,12503892.045177972,-4153691.9351036847
6,Cropland,1988,29325.9334491208,6.956025120796379e-05,22058.526755423172,28757.529234873626,-6699.002479450453,50816.055990296794,-7267.406693697627
7,Bareland and Impervious,1988,56122.2973945436,0.00013312043798727042,0.0,0.0,0.0,0.0,-56122.2973945436
8,Rock Outcrop,1988,464909.345534431,0.0011027512873686412,297777.3253883341,115519.63411968813,182257.69126864598,413296.95950802224,-167132.02014609688
9,Water,1988,10669807.4375428,0.025308469276306318,11787315.638163405,632041.4629449978,11155274.175218407,12419357.101108402,1117508.2006206047
0,Forest,1989,357149662.494233,0.8471484602485488,352879026.5082206,1475453.4870419886,351403573.0211786,354354479.9952626,-4270635.986012399
1,Shrubland,1989,1389304.81184415,0.003295390016471529,1142014.4786043682,283863.6084945567,858150.8701098114,1425878.087098925,-247290.3332397819
2,Flooded Forest,1989,18317730.2119125,0.04344911552176133,22879879.75993551,1368779.45140449,21511100.30853102,24248659.21134,4562149.548023008
3,Wetland,1989,8039328.62319991,0.0190690502603677,11589879.352229211,914347.5846443662,10675531.767584845,12504226.936873578,3550550.7290293016
4,Natural Grassland,1989,8456100.64763176,0.020057621203726252,8619800.191068374,638680.1788980243,7981120.012170349,9258480.369966397,163699.54343661293
5,Pastureland,1989,16694541.5572843,0.03959895993192258,12093468.388631562,507945.12895330053,11585523.259678261,12601413.517584862,-4601073.1686527375
6,Cropland,1989,34946.0373402951,8.289096934285166e-05,33100.98553866277,34246.23528026448,-1145.249741601714,67347.22081892725,-1845.051801632333
7,Bareland and Impervious,1989,55400.459158594,0.00013140825430297965,0.0,0.0,0.0,0.0,-55400.459158594
8,Rock Outcrop,1989,464909.345534431,0.0011027512485217968,297018.2282944904,115370.79792299806,181647.43037149232,412389.02621748846,-167891.11723994062
9,Water,1989,10988480.8625262,0.02606435234503415,12056217.158142397,614655.606640461,11441561.551501935,12670872.764782859,1067736.2956161965
0,Forest,1990,356842073.049355,0.8464188700276872,352839115.79683256,1477976.6636482852,351361139.13318425,354317092.46048087,-4002957.252522409
1,Shrubland,1990,1366709.28792981,0.003241794111497318,1069381.3903882988,261072.18291087783,808309.2074774209,1330453.5732991765,-297327.8975415111
2,Flooded Forest,1990,18455867.2027138,0.043776772535847996,22981116.890821744,1372078.6159015945,21609038.27492015,24353195.506723337,4525249.688107945
3,Wetland,1990,7754288.71317519,0.018392944067350515,11214023.082712093,892509.4700969593,10321513.612615135,12106532.552809052,3459734.3695369037
4,Natural Grassland,1990,8468683.5066082,0.020087467441917948,8457567.205594005,608076.9334232177,7849490.272170788,9065644.139017222,-11116.301014194265
5,Pastureland,1990,17079715.9376126,0.04051258233304916,12298045.46777929,521134.4846042969,11776910.983174993,12819179.952383587,-4781670.469833311
6,Cropland,1990,46911.5338203977,0.00011127277427859464,35454.26637092607,34277.342428663884,1176.9239422621831,69731.60879958994,-11457.267449471634
7,Bareland and Impervious,1990,56796.864823584,0.00013472048778968992,0.0,0.0,0.0,0.0,-56796.864823584
8,Rock Outcrop,1990,464909.434099793,0.0011027514623297575,296525.07024036447,115417.9678027524,181107.10243761208,411943.03804311686,-168384.36385942856
9,Water,1990,11054448.0931673,0.026220824758251698,12399174.45256634,639890.4337886267,11759284.018777713,13039064.886354968,1344726.3593990412
0,Forest,1991,356288667.775031,0.8451062799348967,351925981.7984491,1464786.8788986502,350461194.9195505,353390768.6773477,-4362685.9765818715
1,Shrubland,1991,1348539.48363142,0.003198696140054287,1065864.2553746153,258936.4492016081,806927.8061730072,1324800.7045762234,-282675.22825680464
2,Flooded Forest,1991,18140373.0265155,0.04302843326678558,22654241.64589703,1357340.9208668566,21296900.725030173,24011582.56676389,4513868.619381532
3,Wetland,1991,7485823.45303796,0.017756153879811016,10670745.403397422,875671.4320107672,9795073.971386654,11546416.83540819,3184921.950359462
4,Natural Grassland,1991,8435843.19148271,0.020009572861771775,8568854.27115697,629159.9926122972,7939694.278544674,9198014.263769267,133011.0796742607
5,Pastureland,1991,17865764.8260821,0.042377070661970925,13164062.724486196,521313.441571215,12642749.282914981,13685376.166057412,-4701702.101595903
6,Cropland,1991,53668.8482599246,0.00012730093545937335,44851.43028095765,40137.85002177148,4713.580259186165,84989.28030272914,-8817.41797896695
7,Bareland and Impervious,1991,56686.9895568544,0.00013445987817763228,0.0,0.0,0.0,0.0,-56686.9895568544
8,Rock Outcrop,1991,464909.434099793,0.0011027515548341802,295871.3833409266,115358.8527788298,180512.5305620968,411230.2361197564,-169038.05075886642
9,Water,1991,11450091.2304559,0.02715928088623848,13199895.345769964,661487.4611585508,12538407.884611413,13861382.806928515,1749804.1153140645
0,Forest,1992,354566648.140328,0.8410217798146928,350020264.61214715,1477583.618051213,348542680.9940959,351497848.2301984,-4546383.528180838
1,Shrubland,1992,1320871.38435964,0.003133068517320852,1015879.9394117031,240936.8128175937,774943.1265941095,1256816.7522292968,-304991.4449479369
2,Flooded Forest,1992,18025329.7447673,0.04275555804022243,22527467.614524543,1354101.1133869258,21173366.501137618,23881568.72791147,4502137.8697572425
3,Wetland,1992,7672753.14038603,0.018199547351820656,10755661.857148228,897264.8658656712,9858396.991282556,11652926.7230139,3082908.716762198
4,Natural Grassland,1992,8585298.41147427,0.020364078201175584,9010574.779623983,641815.5276701708,8368759.251953812,9652390.307294155,425276.3681497127
5,Pastureland,1992,19699263.0947695,0.046726079274224244,15282139.707994847,567767.008398906,14714372.699595941,15849906.716393752,-4417123.386774654
6,Cropland,1992,50953.3185238284,0.00012085978999190896,35049.66192677024,35986.07799387987,-936.4160671096324,71035.73992065011,-15903.656597058158
7,Bareland and Impervious,1992,47602.8657334291,0.00011291261339268321,0.0,0.0,0.0,0.0,-47602.8657334291
8,Rock Outcrop,1992,464909.434099793,0.001102751659723231,297304.1393152641,115970.9134977686,181333.22581749552,413275.05281303276,-167605.2947845289
9,Water,1992,11156698.6238274,0.026463364737435494,12645985.846176745,652567.2414208237,11993418.604755921,13298553.08759757,1489287.2223493457
0,Forest,1993,352791366.021377,0.8368109454531941,348822802.8331955,1479417.84800796,347343384.98518753,350302220.6812035,-3968563.1881815195
1,Shrubland,1993,1307441.22044764,0.0031012128673834176,973771.0473210077,239425.64567751077,734345.4016434969,1213196.6929985185,-333670.17312663223
2,Flooded Forest,1993,18153349.0061952,0.04305922028742486,22732505.602450464,1360982.4621584825,21371523.14029198,24093488.064608946,4579156.596255265
3,Wetland,1993,7632643.53010928,0.018104410322646425,10709531.142455893,889093.907818899,9820437.234636994,11598625.050274791,3076887.612346613
4,Natural Grassland,1993,8334101.34958687,0.019768248039913602,8621305.491351178,627390.9624760634,7993914.528875114,9248696.453827241,287204.1417643083
5,Pastureland,1993,21337854.8113725,0.05061277621393279,16416522.491608266,578205.1718478015,15838317.319760464,16994727.663456067,-4921332.319764234
6,Cropland,1993,51360.5449418946,0.00012182573132816923,14076.984313170324,21394.113756526236,-7317.129443355912,35471.098069696556,-37283.56062872428
7,Bareland and Impervious,1993,53439.1230738465,0.00012675605870951338,0.0,0.0,0.0,0.0,-53439.1230738465
8,Rock Outcrop,1993,464909.345633472,0.001102751559532208,296578.83074016107,115667.13539456527,180911.6953455958,412245.9661347263,-168330.51489331096
9,Water,1993,11463821.2860671,0.027191853465934824,13003191.815369224,651632.1171481503,12351559.698221074,13654823.932517374,1539370.529302124
0,Forest,1994,351810023.872754,0.8344830999798559,348171813.40957636,1471081.426161721,346700731.98341465,349642894.83573806,-3638210.4631776214
1,Shrubland,1994,1297427.32622772,0.003077459718943875,967204.0595524148,251410.69212272586,715793.3674296889,1218614.7516751406,-330223.2666753051
2,Flooded Forest,1994,18019228.0858499,0.04274108266387186,22726835.086392105,1359721.6903394063,21367113.3960527,24086556.77673151,4707607.000542205
3,Wetland,1994,7812060.92735043,0.018529980323257533,11039648.288105763,891107.8789542346,10148540.409151528,11930756.167059999,3227587.3607553337
4,Natural Grassland,1994,8334213.44078258,0.019768510832634752,8641399.850532798,639799.7320469772,8001600.118485821,9281199.582579775,307186.4097502185
5,Pastureland,1994,22552730.598561,0.05349441819686379,17320243.698874705,578693.1783372742,16741550.52053743,17898936.87721198,-5232486.899686296
6,Cropland,1994,73494.5559321587,0.00017432693983754458,68330.11037744988,51230.63509101662,17099.475286433255,119560.7454684665,-5164.445554708829
7,Bareland and Impervious,1994,52403.8407187746,0.000124300379427706,0.0,0.0,0.0,0.0,-52403.8407187746
8,Rock Outcrop,1994,464909.434099793,0.0011027515973160464,297022.265621702,115846.16033107936,181176.10529062265,412868.42595278134,-167887.168478091
9,Water,1994,11173859.9347346,0.026504069367990993,12357855.247977655,628481.9406815416,11729373.307296114,12986337.188659197,1183995.3132430557
0,Forest,1995,349505569.120611,0.8290169737907329,345552788.24979395,1477794.4291912683,344074993.82060266,347030582.67898524,-3952780.8708170652
1,Shrubland,1995,1289216.39053061,0.003057983520343481,1064855.5982789744,276330.67783099704,788524.9204479774,1341186.2761099716,-224360.79225163558
2,Flooded Forest,1995,18063439.3122018,0.0428459490145818,22751835.682555363,1359503.4789024307,21392332.203652933,24111339.161457792,4688396.370353561
3,Wetland,1995,7662555.5584466,0.018175357367122842,10899800.647425467,894547.3986093178,10005253.24881615,11794348.046034785,3237245.088978867
4,Natural Grassland,1995,8540231.9651513,0.02025718009883092,8696785.497782605,633972.3383710718,8062813.159411533,9330757.836153677,156553.53263130412
5,Pastureland,1995,24868587.3961492,0.05898756096356056,19947948.000146993,613727.8503025004,19334220.149844494,20561675.85044949,-4920639.396002207
6,Cropland,1995,77188.7062009219,0.00018308935044015752,57227.17325787356,48463.107347778256,8764.065910095305,105690.28060565182,-19961.532943048333
7,Bareland and Impervious,1995,48258.2261958923,0.00011446709917123326,0.0,0.0,0.0,0.0,-48258.2261958923
8,Rock Outcrop,1995,464909.434099793,0.0011027515616243832,299660.34268299054,116696.14814417981,182964.19453881073,416356.4908271703,-165249.0914168025
9,Water,1995,11070409.5526195,0.02625868723359184,12319464.470282437,617048.6360720118,11702415.834210426,12936513.106354449,1249054.9176629372
0,Forest,1996,346957695.028643,0.8229735182399548,342796514.7909115,1481425.0788790851,341315089.71203244,344277939.86979055,-4161180.2377315164
1,Shrubland,1996,1278981.25011371,0.0030337061672090055,1107390.0575053287,284898.0197348672,822492.0377704615,1392288.0772401958,-171591.1926083814
2,Flooded Forest,1996,18054829.6296194,0.04282552851374058,22803995.42915371,1356155.1337176557,21447840.295436054,24160150.562871367,4749165.79953431
3,Wetland,1996,7444833.3973487,0.01765892736064139,10310140.5491797,865629.4195215615,9444511.129658138,11175769.96870126,2865307.151830999
4,Natural Grassland,1996,8335052.93261078,0.01977050209565365,8353833.1351360865,617639.2361061206,7736193.8990299655,8971472.371242207,18780.202525306493
5,Pastureland,1996,27370186.1375936,0.06492128205624119,22634110.743645743,628863.6352559103,22005247.108389832,23262974.378901653,-4736075.393947858
6,Cropland,1996,68353.9938028076,0.00016213367673256141,28235.829270063437,32804.84447086207,-4569.015200798629,61040.6737409255,-40118.164532744166
7,Bareland and Impervious,1996,54023.2344920959,0.00012814153423803407,0.0,0.0,0.0,0.0,-54023.2344920959
8,Rock Outcrop,1996,464909.434099793,0.0011027515980369508,299363.43872041535,116666.7850284578,182696.65369195753,416030.22374887316,-165545.99537937768
9,Water,1996,11561486.7030797,0.02742350875755174,13256767.767881049,663692.7846736993,12593074.983207349,13920460.552554749,1695281.0648013484
0,Forest,1997,345065249.962197,0.8184846252994514,341160024.4130972,1479917.7151968048,339680106.6979004,342639942.128294,-3905225.549099803
1,Shrubland,1997,1274303.48134788,0.0030226103832914786,1221972.8348302643,304062.99934972625,917909.8354805381,1526035.8341799905,-52330.646517615765
2,Flooded Forest,1997,18060445.6277983,0.042838845911111145,22484202.355954237,1352570.680933452,21131631.675020784,23836773.03688769,4423756.728155937
3,Wetland,1997,7578529.64829447,0.017976049457847847,10428527.966815446,866542.9629743769,9561985.003841069,11295070.929789823,2849998.3185209753
4,Natural Grassland,1997,8577755.93376589,0.020346184821936338,8814779.872523064,640695.3541498733,8174084.51837319,9455475.226672936,237023.93875717372
5,Pastureland,1997,29289225.1035382,0.06947318061383187,24125155.017152086,638579.4892273743,23486575.527924713,24763734.50637946,-5164070.086386114
6,Cropland,1997,101793.225740444,0.00024145053794120776,49363.74387087032,41756.32718031651,7607.416690553808,91120.07105118682,-52429.48186957368
7,Bareland and Impervious,1997,56959.8080970765,0.0001351069897434522,0.0,0.0,0.0,0.0,-56959.8080970765
8,Rock Outcrop,1997,464909.345633472,0.0011027512958801642,301989.6927730477,117560.41695093887,184429.27582210884,419550.1097239866,-162919.6528604243
9,Water,1997,11121214.8985926,0.026379194688965216,13004371.137989154,665841.5664659772,12338529.571523177,13670212.704455132,1883156.2393965535
0,Forest,1998,342749663.611775,0.8129922016250599,338371094.1781634,1493135.1592603659,336877959.018903,339864229.3374238,-4378569.433611572
1,Shrubland,1998,1246615.83069454,0.0029569363776968246,1094740.0848374267,273452.2103682487,821287.874469178,1368192.2952056753,-151875.74585711327
2,Flooded Forest,1998,18212175.6149952,0.043198749179191066,22708679.5904336,1364954.8223749755,21343724.768058624,24073634.41280858,4496503.975438401
3,Wetland,1998,8003094.69798002,0.018983107116027218,10782315.581679897,888294.4390056195,9894021.142674278,11670610.020685516,2779220.883699877
4,Natural Grassland,1998,8509505.36852182,0.020184298450926775,9057491.440972492,669209.7809818846,8388281.659990608,9726701.221954377,547986.0724506713
5,Pastureland,1998,31482165.4755142,0.07467477794771335,27113348.632468507,671385.0926239658,26441963.539844543,27784733.72509247,-4368816.843045693
6,Cropland,1998,160423.311106341,0.0003805194132474868,85282.67735634578,56315.47805718532,28967.199299160464,141598.15541353112,-75140.6337499952
7,Bareland and Impervious,1998,62647.5385258361,0.0001485981335059741,0.0,0.0,0.0,0.0,-62647.5385258361
8,Rock Outcrop,1998,464909.434099793,0.0011027516129473644,301464.5435953277,117604.9508659445,183859.5927293832,419069.4944612722,-163444.89050446532
9,Water,1998,10699145.157826,0.025378060143683927,12075929.311531713,662821.9285844263,11413107.382947287,12738751.24011614,1376784.1537057124
0,Forest,1999,340744551.727195,0.8082346707162563,335609257.872896,1492102.2582058492,334117155.6146902,337101360.13110185,-5135293.854299009
1,Shrubland,1999,1252033.05124565,0.002969780487376856,1039227.7964089302,271229.8036289687,767997.9927799616,1310457.6000378989,-212805.25483671983
2,Flooded Forest,1999,17944799.7718317,0.04256446437995388,22388161.311916273,1345637.2033836574,21042524.108532615,23733798.51529993,4443361.540084574
3,Wetland,1999,7397850.15916292,0.017547452944123017,10057055.20957086,853769.1852730523,9203286.024297807,10910824.394843914,2659205.0504079405
4,Natural Grassland,1999,8088420.53453148,0.019185462758552176,8417877.987208778,629006.1513586612,7788871.835850117,9046884.13856744,329457.45267729834
5,Pastureland,1999,33586874.1887923,0.07966694129888953,29865554.17631333,698203.0651244776,29167351.11118885,30563757.241437808,-3721320.0124789737
6,Cropland,1999,210937.748023487,0.0005003372774449704,138494.6404966207,69494.57078917974,69000.06970744097,207989.21128580044,-72443.10752686628
7,Bareland and Impervious,1999,66869.9768049315,0.00015861334659580416,0.0,0.0,0.0,0.0,-66869.9768049315
8,Rock Outcrop,1999,464909.434099793,0.001102749615446127,299741.46693467826,116967.90258573831,182773.56434893995,416709.3695204166,-165167.96716511477
9,Water,1999,11833863.1106814,0.028069527175361382,13775739.240623262,656530.0317339655,13119209.208889296,14432269.272357227,1941876.129941862
0,Forest,2000,340542028.366391,0.8077536130962899,335275665.3781101,1476966.1708877801,333798699.20722234,336752631.5489979,-5266362.988280892
1,Shrubland,2000,1337720.93131833,0.003173026603413387,1156691.653731776,289205.21359799535,867486.4401337806,1445896.8673297712,-181029.27758655418
2,Flooded Forest,2000,17124497.6882116,0.04061870115259212,22358121.251606304,1328337.8653143616,21029783.386291943,23686459.116920665,5233623.563394703
3,Wetland,2000,7928465.41283983,0.018806038756073822,10867143.540094327,856443.285978154,10010700.254116174,11723586.82607248,2938678.1272544973
4,Natural Grassland,2000,8464522.92687275,0.020077548166717366,9203441.74508606,670852.7756897549,8532588.969396306,9874294.520775815,738918.8182133101
5,Pastureland,2000,34768719.1916612,0.08247016876160237,30920393.132186253,710622.7089877215,30209770.423198532,31631015.841173973,-3848326.059474949
6,Cropland,2000,293214.382833224,0.0006954941164868868,197395.8649773886,81065.35141231559,116330.51356507302,278461.2163897042,-95818.51785583541
7,Bareland and Impervious,2000,66728.3302717955,0.00015827723271482364,0.0,0.0,0.0,0.0,-66728.3302717955
8,Rock Outcrop,2000,464909.434099793,0.0011027486884896982,305906.80444471055,118333.07466879803,187573.72977591254,424239.87911350856,-159002.62965508248
9,Water,2000,10600657.4219582,0.02514438342561953,11306704.716220818,553033.3646938382,10753671.35152698,11859738.080914658,706047.2942626178
0,Forest,2001,339366937.657359,0.8049661304068246,333727419.9760734,1467845.997032571,332259573.9790408,335195265.97310597,-5639517.68128562
1,Shrubland,2001,1355147.39591823,0.0032143607239799965,1187511.6936306166,290696.8440456142,896814.8495850025,1478208.5376762308,-167635.7022876134
2,Flooded Forest,2001,16772632.4710168,0.039784078997589054,22059415.636468578,1314665.3282136754,20744750.3082549,23374080.964682255,5286783.165451778
3,Wetland,2001,7882452.76503379,0.018696893528238,11082004.227930436,860794.2615384972,10221209.96639194,11942798.489468932,3199551.462896646
4,Natural Grassland,2001,8701585.56865361,0.020639846980836485,9366161.685984742,664579.2181414627,8701582.46784328,10030740.904126205,664576.1173311323
5,Pastureland,2001,36220332.6048973,0.08591332196435042,32547208.458472706,715223.3914555531,31831985.067017153,33262431.84992826,-3673124.1464245915
6,Cropland,2001,398159.583760244,0.0009444201654890515,232914.22679134292,85197.92457892057,147716.30221242236,318112.1513702635,-165245.3569689011
7,Bareland and Impervious,2001,66528.8142504271,0.00015780394677630856,0.0,0.0,0.0,0.0,-66528.8142504271
8,Rock Outcrop,2001,464909.434099793,0.0011027484018928911,308575.34597591,119166.73419241665,189408.61178349337,427742.0801683267,-156334.088123883
9,Water,2001,10362887.3602218,0.024580394884023107,11080362.403883267,534489.1637450894,10545873.240138177,11614851.567628358,717475.0436614677
0,Forest,2002,337724463.286857,0.8010709536434263,333143155.7822559,1480798.1628019214,331662357.61945397,334623953.9450578,-4581307.504601121
1,Shrubland,2002,1335381.5584366,0.003167479690643666,1194579.8690921888,289762.1884394941,904817.6806526947,1484342.0575316828,-140801.68934441125
2,Flooded Forest,2002,16865183.5128209,0.04000364234352636,22351819.071417402,1318983.3754302165,21032835.695987187,23670802.446847618,5486635.558596503
3,Wetland,2002,7615285.43510381,0.01806319834339021,10632377.208696978,835187.0038635873,9797190.20483339,11467564.212560566,3017091.773593168
4,Natural Grassland,2002,8794469.59449787,0.02086018310988812,9586347.40542424,665879.8468774069,8920467.558546832,10252227.252301646,791877.8109263685
5,Pastureland,2002,37721023.9388554,0.08947298731344627,33072984.99902132,716936.4643903292,32356048.53463099,33789921.46341165,-4648038.939834081
6,Cropland,2002,447901.860849827,0.0010624079976844227,199856.16734886478,76849.7252055916,123006.44214327318,276705.89255445637,-248045.69350096222
7,Bareland and Impervious,2002,66247.540210736,0.00015713691479929805,0.0,0.0,0.0,0.0,-66247.540210736
8,Rock Outcrop,2002,464909.434099793,0.0011027493836471521,309316.97203146876,119495.69585273312,189821.27617873566,428812.66788420186,-155592.46206832427
9,Water,2002,10556332.1594911,0.025039261259548192,11100760.845934682,509073.5771351175,10591687.268799564,11609834.4230698,544428.6864435822
0,Forest,2003,334961080.407771,0.7945170091543992,330295365.4613091,1487999.330717022,328807366.13059205,331783364.7920261,-4665714.946461916
1,Shrubland,2003,1327634.57194275,0.0031491068994219276,1270820.5912144124,306167.6823778644,964652.908836548,1576988.2735922767,-56813.98072833754
2,Flooded Forest,2003,16981789.0159491,0.04028026241919743,22190220.852080584,1320879.2477938414,20869341.60428674,23511100.099874426,5208431.836131483
3,Wetland,2003,7879574.2763393,0.018690099099948447,11485134.000836847,859458.2652517585,10625675.73558509,12344592.266088605,3605559.7244975474
4,Natural Grassland,2003,8735604.00927893,0.02072057434899668,9455244.355543537,672356.7794469695,8782887.576096568,10127601.134990506,719640.3462646063
5,Pastureland,2003,40066525.8448027,0.09503652257947981,35524792.418486044,724538.9651643074,34800253.45332174,36249331.38365035,-4541733.426316656
6,Cropland,2003,790199.516588532,0.0018743280735507416,512109.3737628216,131405.62338120252,380703.7503816191,643514.9971440241,-278090.1428257104
7,Bareland and Impervious,2003,72253.9748269776,0.0001713841259084847,0.0,0.0,0.0,0.0,-72253.9748269776
8,Rock Outcrop,2003,464909.434099793,0.0011027503632928405,309780.1370497137,119681.49905850083,190098.63799121286,429461.6361082145,-155129.29705007933
9,Water,2003,10311252.7424296,0.024457962935804402,10547356.603745516,487289.1588558983,10060067.444889618,11034645.762601415,236103.86131591722
0,Forest,2004,331620766.154477,0.7865924505938601,327047165.5497031,1509824.0268393063,325537341.5228638,328556989.57654244,-4573600.604773879
1,Shrubland,2004,1305045.25723754,0.0030955200994505407,1139413.2017116072,288022.7597102519,851390.4420013553,1427435.961421859,-165632.05552593293
2,Flooded Forest,2004,17481817.2331001,0.0414662375269123,22455695.962633885,1339983.619340729,21115712.343293156,23795679.581974614,4973878.729533784
3,Wetland,2004,7881095.43858017,0.01869367303587112,11552663.471076075,874845.6542007544,10677817.81687532,12427509.12527683,3671568.0324959047
4,Natural Grassland,2004,8775286.04676285,0.02081466078324513,9288837.528818278,654472.4905954822,8634365.038222795,9943310.01941376,513551.4820554275
5,Pastureland,2004,42431564.560045,0.1006461348511265,37899922.0200564,759697.1113083631,37140224.90874803,38659619.13136476,-4531642.5399886
6,Cropland,2004,1234700.23220512,0.0029286642469990016,1058763.7727448074,192581.09680681676,866182.6759379907,1251344.8695516242,-175936.4594603125
7,Bareland and Impervious,2004,82384.3745979309,0.00019541275372194952,0.0,0.0,0.0,0.0,-82384.3745979309
8,Rock Outcrop,2004,464909.348063911,0.0011027481410112792,309952.3364699802,119828.59051880162,190123.74595117857,429780.9269887818,-154957.01159393083
9,Water,2004,10314026.7282531,0.024464497967802104,10839181.53010859,500063.9690513877,10339117.561057203,11339245.499159977,525154.8018554896
0,Forest,2005,329627080.896393,0.7818659960535578,325443953.579724,1504391.632115511,323939561.94760853,326948345.2118395,-4183127.3166689873
1,Shrubland,2005,1284539.2562993,0.0030468903294144927,1159565.5084826245,295716.72783309733,863848.7806495272,1455282.2363157219,-124973.74781667534
2,Flooded Forest,2005,17555996.3426926,0.041642320557716564,22642911.968192898,1348163.79581685,21294748.172376048,23991075.764009748,5086915.625500299
3,Wetland,2005,7835620.66580754,0.01858586782344828,11359989.319271626,869282.1914610016,10490707.127810623,12229271.510732628,3524368.6534640864
4,Natural Grassland,2005,8721791.48764751,0.020687839634767044,9402373.6547692,666073.8292839223,8736299.825485278,10068447.484053124,680582.1671216916
5,Pastureland,2005,44021486.9397515,0.10441770633744106,39063264.49147695,735072.4309810873,38328192.06049587,39798336.92245804,-4958222.448274545
6,Cropland,2005,1577410.04338521,0.0037415714491732433,1347629.5442957089,200737.4796623612,1146892.0646333476,1548367.0239580702,-229780.4990895011
7,Bareland and Impervious,2005,89007.0157136659,0.00021112209229736734,0.0,0.0,0.0,0.0,-89007.0157136659
8,Rock Outcrop,2005,464909.348063911,0.001102751659572694,309449.68209052325,119811.8670602744,189637.81503024884,429261.54915079765,-155459.66597338778
9,Water,2005,10412408.2007942,0.024697934062611407,10861112.44824485,516911.48548307875,10344200.962761771,11378023.933727928,448704.24745064974
0,Forest,2006,328150268.345959,0.7783609175506637,323647283.76555,1500904.4697197147,322146379.2958303,325148188.2352697,-4502984.58040899
1,Shrubland,2006,1305660.9128341,0.0030969818529971715,1186028.569055271,302230.5924036035,883797.9766516676,1488259.1614588746,-119632.34377882886
2,Flooded Forest,2006,17438981.1406062,0.04136465110990093,22701710.47507945,1347243.354321646,21354467.120757803,24048953.8294011,5262729.334473252
3,Wetland,2006,7908966.67246854,0.01875979132087777,11083290.205303064,875141.46771352,10208148.737589544,11958431.673016584,3174323.5328345234
4,Natural Grassland,2006,8599066.10852298,0.020396682958833803,9590194.468048153,676521.5065048535,8913672.9615433,10266715.974553008,991128.3595251739
5,Pastureland,2006,45503883.3230502,0.10793361393234363,40779701.46234609,739653.1532465195,40040048.30909957,41519354.615592614,-4724181.860704109
6,Cropland,2006,1666732.25452043,0.00395343040089208,1394293.7387672376,199512.14596352456,1194781.5928037132,1593805.884730762,-272438.51575319236
7,Bareland and Impervious,2006,107584.814921728,0.00025518740447504426,0.0,0.0,0.0,0.0,-107584.814921728
8,Rock Outcrop,2006,464909.348063911,0.001102748654026395,310558.5275394542,119976.53198244656,190581.99555700767,430535.0595219008,-154350.8205244568
9,Water,2006,10445346.3216795,0.02477599481498954,10898338.030937893,511370.0396401709,10386967.991297722,11409708.070578065,452991.70925839245
0,Forest,2007,326998422.971456,0.7756284947931203,322387238.9447789,1501540.1711626453,320885698.77361625,323888779.1159416,-4611184.026677072
1,Shrubland,2007,1289505.09889383,0.0030586597017637045,1047871.0991054153,275565.9646895578,772305.1344158575,1323437.063794973,-241633.9997884148
2,Flooded Forest,2007,17381891.774156,0.041229221936102074,22669935.656011462,1341193.8359068204,21328741.820104644,24011129.49191828,5288043.881855462
3,Wetland,2007,7840412.10913576,0.018597175446615415,11337553.634210767,874980.826349328,10462572.80786144,12212534.460560095,3497141.525075007
4,Natural Grassland,2007,8466140.92510822,0.02008138168611696,9029447.413634872,642494.5340371472,8386952.879597725,9671941.947672019,563306.4885266516
5,Pastureland,2007,46654605.8440832,0.11066304655900842,42100698.320098,725066.4615474824,41375631.85855052,42825764.78164548,-4553907.5239852
6,Cropland,2007,1708586.68693984,0.004052706151217105,1320794.3495235874,187674.0876408583,1133120.2618827291,1508468.4371644456,-387792.3374162526
7,Bareland and Impervious,2007,124608.135012457,0.00029556601319489107,0.0,0.0,0.0,0.0,-124608.135012457
8,Rock Outcrop,2007,464909.346105762,0.001102748242815663,309346.23148048477,119733.43304397321,189612.79843651154,429079.664524458,-155563.11462527723
9,Water,2007,10662471.7859065,0.02529099947004539,11388669.027954115,517080.6513476579,10871588.376606457,11905749.679301772,726197.2420476153
0,Forest,2008,325801041.020265,0.7727887542321754,320747694.1788164,1502078.8491352194,319245615.32968116,322249773.0279516,-5053346.841448605
1,Shrubland,2008,1315843.21605242,0.0031211344092505807,1114463.3085839532,289457.7512034699,825005.5573804833,1403921.0597874231,-201379.9074684668
2,Flooded Forest,2008,17497537.3670297,0.04150355094524315,22578281.711297236,1342770.0992509685,21235511.612046268,23921051.810548205,5080744.344267536
3,Wetland,2008,7798827.27882636,0.018498547452158867,11369951.103790846,871073.8155614398,10498877.288229406,12241024.919352286,3571123.824964486
4,Natural Grassland,2008,8440421.41648196,0.020020386464118006,9179870.763653679,659903.8622061767,8519966.901447503,9839774.625859855,739449.3471717183
5,Pastureland,2008,47527329.7565949,0.11273317555881056,43298389.14031667,740330.8792078549,42558058.261108816,44038720.01952453,-4228940.616278224
6,Cropland,2008,1969784.36591078,0.004672260105343015,1687754.3745866828,209921.59415085174,1477832.780435831,1897675.9687375345,-282029.99132409715
7,Bareland and Impervious,2008,134651.379418103,0.00031938839553826776,0.0,0.0,0.0,0.0,-134651.379418103
8,Rock Outcrop,2008,464909.346105762,0.0011027488226645044,306032.71216715855,117601.3076760169,188431.40449114164,423634.0198431754,-158876.63393860345
9,Water,2008,10640987.8482849,0.025240053614697677,11308895.701757275,530680.5597891673,10778215.141968107,11839576.261546442,667907.8534723744
0,Forest,2009,324968618.916082,0.7708160513467778,319592544.1728846,1503372.7917253224,318089171.38115925,321095916.9646099,-5376074.743197441
1,Shrubland,2009,1328390.66995336,0.003150903783493529,1177509.899216289,293114.0522534094,884395.8469628795,1470623.9514696985,-150880.77073707106
2,Flooded Forest,2009,17387648.0694601,0.04124299223664328,22533821.61816948,1336740.6986246118,21197080.91954487,23870562.31679409,5146173.548709378
3,Wetland,2009,7648036.76574404,0.01814091932934654,10989280.727014715,847203.4452683042,10142077.28174641,11836484.17228302,3341243.961270675
4,Natural Grassland,2009,8539801.45888057,0.02025615907706962,9285263.92283,655466.254148682,8629797.668681318,9940730.176978683,745462.4639494307
5,Pastureland,2009,48208678.0070529,0.11434957303259102,44239869.10757031,755104.0835843231,43484765.02398599,44994973.19115464,-3968808.8994825855
6,Cropland,2009,2185273.54844869,0.005183404887974004,1905764.5769381858,216841.26074390806,1688923.3161942777,2122605.837682094,-279508.9715105044
7,Bareland and Impervious,2009,144248.038768664,0.00034215212542381275,0.0,0.0,0.0,0.0,-144248.038768664
8,Rock Outcrop,2009,464909.257526386,0.0011027511496843692,310844.55745767616,119046.56558841397,191797.9918692622,429891.1230460901,-154064.70006870985
9,Water,2009,10714758.2973605,0.025415093030996105,11555464.447195927,549199.5382876132,11006264.908908313,12104663.98548354,840706.1498354264
0,Forest,2010,325167531.776038,0.771287198266626,319921840.46591526,1497213.654377268,318424626.811538,321419054.12029254,-5245691.310122728
1,Shrubland,2010,1293488.72878067,0.0030681147412277426,1173651.574972629,295685.17124295904,877966.40372967,1469336.7462155882,-119837.15380804101
2,Flooded Forest,2010,17151482.1507237,0.04068277832629096,22404101.384481486,1335269.746433516,21068831.63804797,23739371.130915,5252619.233757786
3,Wetland,2010,8145207.68141317,0.019320177440790582,11757515.360589884,884866.9376626324,10872648.422927251,12642382.298252517,3612307.6791767143
4,Natural Grassland,2010,8408974.65097862,0.019945824429099167,9261173.854331253,676318.4757513724,8584855.378579881,9937492.330082625,852199.2033526339
5,Pastureland,2010,48121021.6954968,0.11414155588821401,43956228.45601535,753454.5716607888,43202773.88435456,44709683.027676135,-4164793.239481449
6,Cropland,2010,2322987.58913912,0.005510053785041794,1990267.6642053013,225647.50762594407,1764620.1565793573,2215915.1718312455,-332719.92493381887
7,Bareland and Impervious,2010,142937.91321322,0.00033904425206953196,0.0,0.0,0.0,0.0,-142937.91321322
8,Rock Outcrop,2010,464909.346105762,0.0011027504039144243,308831.66828210163,118652.68363118805,190178.98465091357,427484.3519132897,-156077.67782366037
9,Water,2010,10372186.9371072,0.02460250246672578,10817118.040202968,505460.86015247175,10311657.180050496,11322578.90035544,444931.103095768
0,Forest,2011,324993780.170505,0.7708770181052196,319915840.7104677,1498229.1478825095,318417611.5625852,321414069.8583502,-5077939.460037291
1,Shrubland,2011,1321535.92296195,0.0031346497495347877,1156002.1373479937,293093.2923561829,862908.8449918109,1449095.4297041765,-165533.7856139564
2,Flooded Forest,2011,16983550.5664101,0.04028455194005471,22327407.651187148,1328236.7135072462,20999170.9376799,23655644.364694394,5343857.08477705
3,Wetland,2011,8090077.45276199,0.019189458886731726,11856772.45555294,873492.8625979435,10983279.592954995,12730265.318150884,3766695.0027909493
4,Natural Grassland,2011,8279403.01864614,0.01963853433550889,8931037.905931411,655265.8445485923,8275772.061382819,9586303.750480004,651634.8872852717
5,Pastureland,2011,48278836.7386392,0.11451617838084573,43863181.2747605,756969.1298111406,43106212.14494936,44620150.40457164,-4415655.463878699
6,Cropland,2011,2511404.08154536,0.005956986895636184,2228306.983518099,244815.1623817308,1983491.8211363682,2473122.14589983,-283097.098027261
7,Bareland and Impervious,2011,155142.241914581,0.0003679934698027947,0.0,0.0,0.0,0.0,-155142.241914581
8,Rock Outcrop,2011,464909.434099793,0.001102753406726149,309651.1358907176,118663.36380609336,190987.77208462427,428314.49969681096,-155258.2982090754
9,Water,2011,10511020.6393699,0.024931874829939447,11001460.0121975,513436.74863822956,10488023.26355927,11514896.76083573,490439.3728276007
0,Forest,2012,324750535.173981,0.7702983624342462,319457033.41099614,1489187.688054568,317967845.7229416,320946221.0990507,-5293501.762984872
1,Shrubland,2012,1424684.07692037,0.00337930716834684,1316719.252721995,308526.3000540513,1008192.9526679439,1625245.5527760463,-107964.82419837499
2,Flooded Forest,2012,17055489.929683,0.04045510181010224,22360207.75699013,1327476.7014052218,21032731.055584908,23687684.458395354,5304717.827307131
3,Wetland,2012,7761754.69749483,0.01841064535857803,10737677.1069803,858867.7420165105,9878809.364963789,11596544.84899681,2975922.4094854696
4,Natural Grassland,2012,8472427.38720478,0.020096339298441863,9811357.648384329,688904.5197469144,9122453.128637414,10500262.168131243,1338930.2611795496
5,Pastureland,2012,48015410.6462959,0.11389108927144559,43895084.67666649,754122.4627554067,43140962.21391109,44649207.139421895,-4120325.969629407
6,Cropland,2012,2887292.57959154,0.0068485699176335235,2546942.521647837,251028.94978131365,2295913.5718665235,2797971.4714291506,-340350.05794370314
7,Bareland and Impervious,2012,156018.892908875,0.0003700720543913035,0.0,0.0,0.0,0.0,-156018.892908875
8,Rock Outcrop,2012,464909.434099793,0.001102750994930447,315669.62750324525,119879.61535531477,195790.01214793048,435549.24285856006,-149239.80659654777
9,Water,2012,10602059.4955687,0.025147761691883853,11149890.311858373,518598.564029249,10631291.747829124,11668488.875887621,547830.8162896726
0,Forest,2013,325128463.95715,0.7711952848100877,319998435.935498,1474758.2059736566,318523677.7295243,321473194.1414717,-5130028.021651983
1,Shrubland,2013,1579994.5944314,0.0037477013437110557,1470420.8634615105,322283.72219868744,1148137.141262823,1792704.585660198,-109573.73096988956
2,Flooded Forest,2013,16385016.6163036,0.038864784098674394,22134199.737283997,1302061.1667336014,20832138.570550397,23436260.904017597,5749183.120980397
3,Wetland,2013,7030478.41985287,0.016676090863776787,9972596.494975269,813802.9230035758,9158793.571971692,10786399.417978846,2942118.0751223993
4,Natural Grassland,2013,9052253.24482129,0.02147168209865826,10436464.628603365,668207.2467960793,9768257.381807286,11104671.875399444,1384211.3837820757
5,Pastureland,2013,47749992.4384257,0.11326159687785595,43270533.90237596,753785.1433811602,42516748.758994795,44024319.04575712,-4479458.5360497385
6,Cropland,2013,3549650.120453,0.008419667113426576,3208829.783841263,274520.5517440607,2934309.2320972024,3483350.3355853236,-340820.33661173703
7,Bareland and Impervious,2013,161252.463469311,0.00038248616555434256,0.0,0.0,0.0,0.0,-161252.463469311
8,Rock Outcrop,2013,464909.345730701,0.0011027514814541503,327007.30645445414,122555.34755746761,204451.95889698653,449562.6540119217,-137902.03927624685
9,Water,2013,10488304.9761722,0.024877955146800683,10771827.52431623,469433.9957730799,10302393.52854315,11241261.520089312,283522.5481440313
0,Forest,2014,324467052.126946,0.7696264212374655,319492277.1852576,1480886.3243273417,318011390.86093026,320973163.50958496,-4974774.941688359
1,Shrubland,2014,1606705.76740458,0.0038110594023130087,1499503.5130986215,320515.63735647127,1178987.8757421502,1820019.1504550928,-107202.25430595852
2,Flooded Forest,2014,16468347.254329,0.039062441249308265,22235856.76462829,1306413.0444329425,20929443.72019535,23542269.809061233,5767509.510299291
3,Wetland,2014,6808950.30122106,0.016150632301064175,9615855.51486955,808778.1265034484,8807077.388366101,10424633.641373,2806905.2136484906
4,Natural Grassland,2014,9331122.23721354,0.022133150859170364,11074004.261124792,683429.6214517707,10390574.63967302,11757433.882576562,1742882.0239112508
5,Pastureland,2014,47939597.1624134,0.11371133172941944,43512818.133836515,751726.531838,42761091.601998515,44264544.665674515,-4426779.028576888
6,Cropland,2014,3893203.46090804,0.00923456550403669,3324374.5990855927,262415.60026542767,3061958.998820165,3586790.19935102,-568828.8618224473
7,Bareland and Impervious,2014,167417.416752808,0.00039710924873158924,0.0,0.0,0.0,0.0,-167417.416752808
8,Rock Outcrop,2014,464909.345730701,0.0011027514615400183,330864.0990928371,123757.4876939145,207106.61139892257,454621.5867867516,-134045.24663786392
9,Water,2014,10443018.717216,0.02477053700695101,10504769.719141226,475266.34005579026,10029503.379085436,10980036.059197016,61751.0019252263
0,Forest,2015,323504711.580464,0.7673437301385164,318181615.18392426,1470641.508316056,316710973.6756082,319652256.6922403,-5323096.396539748
1,Shrubland,2015,1642803.73914377,0.003896682502463461,1516825.4777182231,324464.9860209558,1192360.4916972674,1841290.4637391788,-125978.26142554684
2,Flooded Forest,2015,16468053.0921477,0.039061741098335385,22259091.631140918,1305860.3793892446,20953231.251751672,23564952.010530163,5791038.538993217
3,Wetland,2015,6591790.54113258,0.015635534695655786,9430901.090225162,801956.2322098691,8628944.858015293,10232857.32243503,2839110.5490925824
4,Natural Grassland,2015,9657751.1707892,0.02290790378890586,11599125.15779654,698152.8472827177,10900972.310513822,12297278.005079256,1941373.9870073386
5,Pastureland,2015,48698360.6258594,0.11551108950381739,44616967.38554684,753619.1219834406,43863348.2635634,45370586.50753028,-4081393.2403125614
6,Cropland,2015,4075232.48595963,0.00966633246755706,3490938.7040698095,267757.2434685583,3223181.460601251,3758695.947538368,-584293.7818898205
7,Bareland and Impervious,2015,166856.193296289,0.0003957780186111504,0.0,0.0,0.0,0.0,-166856.193296289
8,Rock Outcrop,2015,464909.259441358,0.0011027511889171826,335909.36746018456,125350.09324360458,210559.27421657997,461259.46070378914,-128999.89198117342
9,Water,2015,10319881.0785737,0.024478456597220234,10158975.768925749,425365.38971923233,9733610.379206516,10584341.158644982,-160905.30964795128
0,Forest,2016,322730525.285513,0.7655074156565286,317199413.1770897,1466278.2915852407,315733134.8855044,318665691.46867496,-5531112.108423293
1,Shrubland,2016,1649031.94278572,0.003911455787270788,1505035.4423426657,322316.8248725087,1182718.617470157,1827352.2672151744,-143996.50044305436
2,Flooded Forest,2016,16140315.0377052,0.03828435764316137,22099884.593839407,1297972.7534865125,20801911.840352893,23397857.34732592,5959569.556134207
3,Wetland,2016,6821926.80986624,0.016181411898978842,9676891.183894882,820259.4121159256,8856631.771778956,10497150.596010808,2854964.3740286417
4,Natural Grassland,2016,9821046.51988949,0.023295236587341884,11932862.016692396,703859.4160452902,11229002.600647107,12636721.432737686,2111815.4968029056
5,Pastureland,2016,49672208.4091358,0.11782103306029264,45717559.36190711,770846.6723919598,44946712.68951515,46488406.03429907,-3954649.047228694
6,Cropland,2016,4194760.05410643,0.00994984879560879,3492571.5067409175,266270.0601860636,3226301.446554854,3758841.566926981,-702188.5473655127
7,Bareland and Impervious,2016,183042.835687414,0.0004341722803492265,0.0,0.0,0.0,0.0,-183042.835687414
8,Rock Outcrop,2016,464909.34781045,0.001102751445783103,339733.96146362333,126667.12498196846,213066.83648165487,466401.08644559176,-125175.38634682668
9,Water,2016,9912565.45758818,0.02351231684468468,9626380.456117239,407925.6832374421,9218454.772879796,10034306.139354682,-286185.00147094205
0,Forest,2017,322197894.050048,0.7642440430559563,317197150.93560404,1455592.0384238379,315741558.8971802,318652742.9740279,-5000743.114443958
1,Shrubland,2017,1647275.30807889,0.003907289168305069,1456378.1862582108,319279.4006855036,1137098.7855727072,1775657.5869437144,-190897.12182067917
2,Flooded Forest,2017,15997135.8740265,0.03794474148792057,21754410.77874934,1289976.4733812753,20464434.305368066,23044387.252130613,5757274.90472284
3,Wetland,2017,6589186.34923788,0.015629358568086903,9374743.875865446,808649.0962180482,8566094.779647399,10183392.972083494,2785557.5266275667
4,Natural Grassland,2017,9717729.4265981,0.023050171846106346,11728122.603037827,682247.0164192934,11045875.586618533,12410369.61945712,2010393.1764397267
5,Pastureland,2017,50168698.3479596,0.11899869480321207,46076881.83407096,765581.1497339051,45311300.68433705,46842462.98380487,-4091816.513888642
6,Cropland,2017,4347492.839405,0.010312126696357598,3648190.4339819006,274610.34435587097,3373580.0896260296,3922800.7783377715,-699302.4054230996
7,Bareland and Impervious,2017,195161.478419329,0.0004629173562903477,0.0,0.0,0.0,0.0,-195161.478419329
8,Rock Outcrop,2017,464909.434099793,0.001102751669494438,343062.45730898867,127906.11057903447,215156.34672995418,470968.56788802316,-121846.97679080436
9,Water,2017,10264841.3147896,0.024347905348270398,10011383.317785956,437716.73226366326,9573666.585522292,10449100.05004962,-253457.9970036447
0,Forest,2018,321515234.645499,0.7626248527245579,317555449.0311197,1458306.7652745198,316097142.2658452,319013755.7963942,-3959785.6143792868
1,Shrubland,2018,1618001.00706574,0.0038378516684667166,1448740.8289488042,322228.44363699586,1126512.3853118084,1770969.2725858,-169260.17811693577
2,Flooded Forest,2018,16058298.170075,0.03808981957095552,21468017.90631444,1295724.3718659917,20172293.53444845,22763742.27818043,5409719.736239441
3,Wetland,2018,6839797.14198925,0.016223801319482596,9405448.337286688,807415.7264944817,8598032.610792207,10212864.06378117,2565651.1952974387
4,Natural Grassland,2018,9631125.3407132,0.02284475120636709,11814884.50511204,694946.7134026556,11119937.791709386,12509831.218514696,2183759.1643988416
5,Pastureland,2018,50680576.5081704,0.12021286405962917,46084715.092678025,770823.6526330515,45313891.44004498,46855538.745311074,-4595861.415492378
6,Cropland,2018,4437849.28749083,0.010526450365619892,3656948.054197207,262734.23574854806,3394213.818448659,3919682.289945755,-780901.2332936227
7,Bareland and Impervious,2018,212619.578879516,0.0005043275016443094,0.0,0.0,0.0,0.0,-212619.578879516
8,Rock Outcrop,2018,464909.434099793,0.0011027517532770689,358285.77245062584,133737.7589001974,224548.01355042844,492023.53135082324,-106623.66164916719
9,Water,2018,10131881.2779474,0.024032529829999805,9797802.863822555,424805.09053266945,9372997.773289885,10222607.954355225,-334078.4141248446
0,Forest,2019,320365524.678821,0.7598977451827668,313395565.9606572,1484670.4160810788,311910895.5445761,314880236.37673825,-6969958.718163848
1,Shrubland,2019,1597724.90526171,0.003789757197338613,1446582.8317168837,317495.66991810815,1129087.1617987757,1764078.5016349917,-151142.07354482636
2,Flooded Forest,2019,16153028.3567673,0.03831451539140043,21582908.401175935,1272351.3213932351,20310557.0797827,22855259.72256917,5429880.044408634
3,Wetland,2019,7023552.30740328,0.01665966263667011,10305289.534617662,793030.9587282876,9512258.575889375,11098320.49334595,3281737.227214382
4,Natural Grassland,2019,9401182.51321358,0.022299332617030914,11920308.3092478,704702.5686381476,11215605.740609651,12625010.877885947,2519125.7960342187
5,Pastureland,2019,51500704.9373761,0.1221581803986859,49480523.5662108,843361.9953221611,48637161.57088864,50323885.56153296,-2020181.371165298
6,Cropland,2019,4561635.05020676,0.010820066211787212,3518140.2995604617,284193.4969441443,3233946.8026163173,3802333.796504606,-1043494.7506462983
7,Bareland and Impervious,2019,222660.320505034,0.0005281438309040156,0.0,0.0,0.0,0.0,-222660.320505034
8,Rock Outcrop,2019,464909.170679493,0.0011027510868041035,360803.63550658285,135190.58842389856,225613.0470826843,495994.2239304814,-104105.53517291014
9,Water,2019,10299386.0739039,0.024429845446612003,9580185.775444975,385581.81009466405,9194603.965350311,9965767.585539639,-719200.2984589245
0,Forest,2020,318964973.616938,0.7565756796318087,311277114.97481096,1492418.803490244,309784696.17132074,312769533.7783012,-7687858.642127037
1,Shrubland,2020,1597558.49659233,0.0037893624858084687,1485064.947302993,324292.48300257843,1160772.4643004145,1809357.4303055713,-112493.54928933713
2,Flooded Forest,2020,16247165.6832936,0.03853780645423101,21827519.91524234,1279548.243762155,20547971.671480186,23107068.159004495,5580354.231948741
3,Wetland,2020,7141494.3391638,0.01693941774223904,10619943.543373767,799771.9574333171,9820171.58594045,11419715.500807084,3478449.2042099675
4,Natural Grassland,2020,9417090.2057847,0.02233706523259852,11640669.252868,698961.8904872839,10941707.362380717,12339631.143355284,2223579.0470832996
5,Pastureland,2020,52631518.7004786,0.1248404380560308,51343524.35100056,849759.5101748527,50493764.84082571,52193283.86117542,-1287994.3494780362
6,Cropland,2020,4718947.61207785,0.011193207066812273,3528934.143749751,276230.9611756929,3252703.1825740584,3805165.104925444,-1190013.4683280988
7,Bareland and Impervious,2020,237031.5788841,0.0005622320402609736,0.0,0.0,0.0,0.0,-237031.5788841
8,Rock Outcrop,2020,464909.345520417,0.001102751502980735,359624.5306535926,134609.30882751392,225015.2218260787,494233.8394811065,-105284.81486682437
9,Water,2020,10169618.1776087,0.024122039787229228,9507912.097340059,396864.1307480349,9111047.966592023,9904776.228088094,-661706.0802686419
0,Forest,2021,317421988.596414,0.7529166775608691,310300908.9108827,1514706.5372752685,308786202.37360746,311815615.44815797,-7121079.685531318
1,Shrubland,2021,1602573.33864394,0.0038012621589790397,1514366.4211542162,334523.9902454363,1179842.4309087798,1848890.4113996525,-88206.91748972377
2,Flooded Forest,2021,16276976.5006351,0.03860856370343139,20713096.310290493,1282729.0373263778,19430367.272964116,21995825.34761687,4436119.809655393
3,Wetland,2021,7106498.13408362,0.01685642821364141,10512076.378212797,814743.6451106733,9697332.733102124,11326820.023323469,3405578.2441291763
4,Natural Grassland,2021,9191354.58693593,0.02180165334002269,11412807.801766422,710810.4988798092,10701997.302886613,12123618.30064623,2221453.2148304917
5,Pastureland,2021,53757435.2846104,0.12751123432770134,52757148.99212931,881158.4858852605,51875990.50624405,53638307.47801457,-1000286.2924810871
6,Cropland,2021,5028321.45499824,0.011927047336405226,3820838.428626095,294358.479055723,3526479.949570372,4115196.907681818,-1207483.026372145
7,Bareland and Impervious,2021,262417.519479297,0.0006224475115091287,0.0,0.0,0.0,0.0,-262417.519479297
8,Rock Outcrop,2021,464909.434099793,0.001102753051346344,366464.134157132,137967.0604105943,228497.0737465377,504431.19456772634,-98445.29994266102
9,Water,2021,10477321.2809633,0.02485193279609425,10192088.753644494,446701.98790100904,9745386.765743485,10638790.741545504,-285232.52731880546
